Type,Episode Choice,Name,Episode Link,Images
episode,episode_url,AWLED MOUFIDA S04 EP11 P03,https://www.youtube.com/watch?v=9emjhPGTyx0,https://img.youtube.com/vi/9emjhPGTyx0/0.jpg
episode,episode_url,AWLED MOUFIDA S04 EP11 P02,https://www.youtube.com/watch?v=atXYpgBmpW4,https://img.youtube.com/vi/atXYpgBmpW4/0.jpg
episode,episode_url,AWLED MOUFIDA S04 EP11 P01,https://www.youtube.com/watch?v=77ikFk0vhao,https://img.youtube.com/vi/77ikFk0vhao/0.jpg
episode,episode_url,AWLED MOUFIDA S04 EP10 P03,https://www.youtube.com/watch?v=UsL2_ThWGlk,https://img.youtube.com/vi/UsL2_ThWGlk/0.jpg
episode,episode_url,AWLED MOUFIDA S04 EP10 P02,https://www.youtube.com/watch?v=QAN-gDXpv6Y,https://img.youtube.com/vi/QAN-gDXpv6Y/0.jpg
episode,episode_url,AWLED MOUFIDA S04 EP10 P01,https://www.youtube.com/watch?v=LyLgKxuYMhw,https://img.youtube.com/vi/LyLgKxuYMhw/0.jpg
episode,episode_url,AWLED MOUFIDA S04 EP09 P03,https://www.youtube.com/watch?v=ZK0JBeZWN6s,https://img.youtube.com/vi/ZK0JBeZWN6s/0.jpg
episode,episode_url,AWLED MOUFIDA S04 EP09 P02,https://www.youtube.com/watch?v=ktYeTovjoTg,https://img.youtube.com/vi/ktYeTovjoTg/0.jpg
episode,episode_url,AWLED MOUFIDA S04 EP09 P01,https://www.youtube.com/watch?v=48Kk53uxCec,https://img.youtube.com/vi/48Kk53uxCec/0.jpg
episode,episode_url,AWLED MOUFIDA S04 EP08 P03,https://www.youtube.com/watch?v=icGriUwf9-k,https://img.youtube.com/vi/icGriUwf9-k/0.jpg
episode,episode_url,AWLED MOUFIDA S04 EP08 P02,https://www.youtube.com/watch?v=-G_z7x-O0nQ,https://img.youtube.com/vi/-G_z7x-O0nQ/0.jpg
episode,episode_url,AWLED MOUFIDA S04 EP08 P01,https://www.youtube.com/watch?v=cv6dQ9HuCiM,https://img.youtube.com/vi/cv6dQ9HuCiM/0.jpg
episode,episode_url,AWLED MOUFIDA S04 EP07 P03,https://www.youtube.com/watch?v=OeMYMuhLEtI,https://img.youtube.com/vi/OeMYMuhLEtI/0.jpg
episode,episode_url,AWLED MOUFIDA S04 EP07 P02,https://www.youtube.com/watch?v=jkvLio3zqmw,https://img.youtube.com/vi/jkvLio3zqmw/0.jpg
episode,episode_url,AWLED MOUFIDA S04 EP07 P01,https://www.youtube.com/watch?v=qdy3dLJpXXI,https://img.youtube.com/vi/qdy3dLJpXXI/0.jpg
episode,episode_url,AWLED MOUFIDA S04 EP06 P03,https://www.youtube.com/watch?v=_mE-y_PBsuM,https://img.youtube.com/vi/_mE-y_PBsuM/0.jpg
episode,episode_url,AWLED MOUFIDA S04 EP06 P02,https://www.youtube.com/watch?v=tPDbyVilX0Y,https://img.youtube.com/vi/tPDbyVilX0Y/0.jpg
episode,episode_url,AWLED MOUFIDA S04 EP06 P01,https://www.youtube.com/watch?v=5_UXTj7TR1A,https://img.youtube.com/vi/5_UXTj7TR1A/0.jpg
episode,episode_url,AWLED MOUFIDA S04 EP05 P03,https://www.youtube.com/watch?v=0wu51MIU2_U,https://img.youtube.com/vi/0wu51MIU2_U/0.jpg
episode,episode_url,AWLED MOUFIDA S04 EP05 P02,https://www.youtube.com/watch?v=0O5D1TjR3cE,https://img.youtube.com/vi/0O5D1TjR3cE/0.jpg
episode,episode_url,AWLED MOUFIDA S04 EP05 P01,https://www.youtube.com/watch?v=L68i3hX3IcA,https://img.youtube.com/vi/L68i3hX3IcA/0.jpg
episode,episode_url,AWLED MOUFIDA S04 EP04 P03,https://www.youtube.com/watch?v=9T0aSjBiusU,https://img.youtube.com/vi/9T0aSjBiusU/0.jpg
episode,episode_url,AWLED MOUFIDA S04 EP04 P02,https://www.youtube.com/watch?v=5fm94gdK9jA,https://img.youtube.com/vi/5fm94gdK9jA/0.jpg
episode,episode_url,AWLED MOUFIDA S04 EP04 P01,https://www.youtube.com/watch?v=OzCEJlMClWA,https://img.youtube.com/vi/OzCEJlMClWA/0.jpg
episode,episode_url,AWLED MOUFIDA S04 EP03 P03,https://www.youtube.com/watch?v=2NWvx2CLuwE,https://img.youtube.com/vi/2NWvx2CLuwE/0.jpg
episode,episode_url,AWLED MOUFIDA S04 EP03 P02,https://www.youtube.com/watch?v=E_QrSTW51pU,https://img.youtube.com/vi/E_QrSTW51pU/0.jpg
episode,episode_url,AWLED MOUFIDA S04 EP03 P01,https://www.youtube.com/watch?v=t1Rs1IQOFDk,https://img.youtube.com/vi/t1Rs1IQOFDk/0.jpg
episode,episode_url,AWLED MOUFIDA S04 EP02 P03 - نسخة خاصة بالواب,https://www.youtube.com/watch?v=gVjNeJcom8E,https://img.youtube.com/vi/gVjNeJcom8E/0.jpg
episode,episode_url,AWLED MOUFIDA S04 EP02 P02 - نسخة خاصة بالواب,https://www.youtube.com/watch?v=uwXRO7jKfZA,https://img.youtube.com/vi/uwXRO7jKfZA/0.jpg
episode,episode_url,AWLED MOUFIDA S04 EP02 P01 - نسخة خاصة بالواب,https://www.youtube.com/watch?v=f-x0R5l-5P0,https://img.youtube.com/vi/f-x0R5l-5P0/0.jpg
episode,episode_url,AWLED MOUFIDA S04 EP01 P03,https://www.youtube.com/watch?v=l0skeZZV594,https://img.youtube.com/vi/l0skeZZV594/0.jpg
episode,episode_url,AWLED MOUFIDA S04 EP01 P02,https://www.youtube.com/watch?v=XcfcpbDq-xE,https://img.youtube.com/vi/XcfcpbDq-xE/0.jpg
episode,episode_url,AWLED MOUFIDA S04 EP01 P01,https://www.youtube.com/watch?v=9JUaKrjAyfw,https://img.youtube.com/vi/9JUaKrjAyfw/0.jpg